[
    {
      "FName": "John",
      "LName": "Doe",
      "Gender": "Male",
      "Birthday": "12/22/1999",
      "FavColour":"Blue"
    },
    {
      "FName": "Nora",
      "LName": "Horton",
      "Gender": "Female",
      "Birthday": "undisclosed",
      "FavColour": "Red"  
    },
    {
      "FName": "Milo",
      "LName": "Hancock",
      "Gender": "Male",
      "Birthday": "4/10/2001",
      "FavColour": "Lavender"
    },
    {
      "FName": "Lily-May",
      "LName": "Lawrence",
      "Gender": "undisclosed",
      "Birthday": "3/24/1995",
      "FavColour": "Teal"
    },
    {
      "FName": "Dahlia",
      "LName": "Casey",
      "Gender": "Female",
      "Birthday": "9/5/1993",
      "FavColour": "Indigo"
    }
  ]