[
    {
      "FName": "John",
      "LName": "Doe",
      "Gender": "Male",
      "Birthday": "12/28/1998",
      "FavColour":"Blue"
    },
    {
      "FName": "Kim",
      "LName": "Kimberson",
      "Gender": "undisclosed",
      "Birthday": "undisclosed",
      "FavColour": "Red"  
    },
    {
      "FName": "Bob",
      "LName": "Robson",
      "Gender": "Male",
      "Birthday": "11/10/2002",
      "FavColour": "Lavender"
    },
    {
      "FName": "Sue",
      "LName": "Susanson",
      "Gender": "Female",
      "Birthday": "6/18/1995",
      "FavColour": "Teal"
    },
    {
      "FName": "Leslie",
      "LName": "Leslison",
      "Gender": "Female",
      "Birthday": "9/3/1973",
      "FavColour": "Indigo"
    }
  ]